"k","n","tau","null_type","n_valid","n_NA","mean_phi","q95_phi","FPR_Low","FPR_Medium","FPR_High","FPR_Critical","BF_High","size_ok_High"
10,15,0,"Pure null (homogeneous)",10000,0,0.658,0.976,0.277,0.154,0.091,0.006,0.084,FALSE
10,15,0.1,"Heterogeneous (small RE)",10000,0,0.651,0.976,0.259,0.149,0.093,0.005,0.084,FALSE
10,15,0.2,"Heterogeneous (medium RE)",10000,0,0.639,0.979,0.249,0.167,0.108,0.007,0.084,FALSE
10,15,0.3,"Heterogeneous (large RE)",10000,0,0.62,0.981,0.227,0.172,0.123,0.007,0.084,FALSE
10,30,0,"Pure null (homogeneous)",10000,0,0.657,0.976,0.27,0.147,0.09,0.006,0.084,FALSE
10,30,0.1,"Heterogeneous (small RE)",10000,0,0.645,0.978,0.254,0.158,0.103,0.007,0.084,FALSE
10,30,0.2,"Heterogeneous (medium RE)",10000,0,0.624,0.978,0.231,0.172,0.116,0.007,0.084,FALSE
10,30,0.3,"Heterogeneous (large RE)",10000,0,0.594,0.977,0.201,0.173,0.126,0.008,0.084,FALSE
10,60,0,"Pure null (homogeneous)",10000,0,0.659,0.976,0.276,0.148,0.095,0.006,0.084,FALSE
10,60,0.1,"Heterogeneous (small RE)",10000,0,0.637,0.979,0.243,0.157,0.106,0.007,0.084,FALSE
10,60,0.2,"Heterogeneous (medium RE)",10000,0,0.6,0.978,0.204,0.172,0.127,0.007,0.084,FALSE
10,60,0.3,"Heterogeneous (large RE)",10000,0,0.557,0.976,0.145,0.134,0.106,0.005,0.084,FALSE
20,15,0,"Pure null (homogeneous)",10000,0,0.686,0.974,0.362,0.192,0.055,0.008,0.084,FALSE
20,15,0.1,"Heterogeneous (small RE)",10000,0,0.682,0.975,0.359,0.204,0.055,0.01,0.084,FALSE
20,15,0.2,"Heterogeneous (medium RE)",10000,0,0.655,0.972,0.331,0.196,0.049,0.01,0.084,TRUE
20,15,0.3,"Heterogeneous (large RE)",10000,0,0.62,0.966,0.294,0.19,0.042,0.013,0.084,TRUE
20,30,0,"Pure null (homogeneous)",10000,0,0.685,0.976,0.357,0.193,0.057,0.01,0.084,FALSE
20,30,0.1,"Heterogeneous (small RE)",10000,0,0.672,0.976,0.352,0.198,0.056,0.01,0.084,FALSE
20,30,0.2,"Heterogeneous (medium RE)",10000,0,0.628,0.969,0.31,0.192,0.044,0.013,0.084,TRUE
20,30,0.3,"Heterogeneous (large RE)",10000,0,0.586,0.954,0.254,0.186,0.026,0.013,0.084,TRUE
20,60,0,"Pure null (homogeneous)",10000,0,0.688,0.977,0.364,0.198,0.06,0.009,0.084,FALSE
20,60,0.1,"Heterogeneous (small RE)",10000,0,0.655,0.973,0.331,0.198,0.052,0.011,0.084,FALSE
20,60,0.2,"Heterogeneous (medium RE)",10000,0,0.588,0.954,0.254,0.179,0.029,0.015,0.084,TRUE
20,60,0.3,"Heterogeneous (large RE)",10000,0,0.555,0.954,0.204,0.164,0.017,0.015,0.084,TRUE
50,15,0,"Pure null (homogeneous)",10000,0,0.709,0.983,0.446,0.151,0.07,0.008,0.084,FALSE
50,15,0.1,"Heterogeneous (small RE)",10000,0,0.686,0.98,0.422,0.128,0.062,0.006,0.084,FALSE
50,15,0.2,"Heterogeneous (medium RE)",10000,0,0.636,0.976,0.376,0.088,0.052,0.004,0.084,FALSE
50,15,0.3,"Heterogeneous (large RE)",10000,0,0.594,0.966,0.353,0.061,0.049,0.005,0.084,TRUE
50,30,0,"Pure null (homogeneous)",10000,0,0.701,0.981,0.437,0.146,0.069,0.007,0.084,FALSE
50,30,0.1,"Heterogeneous (small RE)",10000,0,0.666,0.974,0.396,0.11,0.053,0.006,0.084,FALSE
50,30,0.2,"Heterogeneous (medium RE)",10000,0,0.607,0.972,0.369,0.067,0.05,0.007,0.084,TRUE
50,30,0.3,"Heterogeneous (large RE)",10000,0,0.586,0.989,0.366,0.058,0.057,0.009,0.084,FALSE
50,60,0,"Pure null (homogeneous)",10000,0,0.706,0.981,0.436,0.143,0.065,0.008,0.084,FALSE
50,60,0.1,"Heterogeneous (small RE)",10000,0,0.641,0.977,0.349,0.088,0.053,0.006,0.084,FALSE
50,60,0.2,"Heterogeneous (medium RE)",10000,0,0.589,0.989,0.28,0.063,0.061,0.008,0.084,FALSE
50,60,0.3,"Heterogeneous (large RE)",10000,0,0.598,0.989,0.291,0.072,0.072,0.014,0.084,FALSE
100,15,0,"Pure null (homogeneous)",10000,0,0.715,0.977,0.496,0.176,0.059,0.006,0.084,FALSE
100,15,0.1,"Heterogeneous (small RE)",10000,0,0.68,0.969,0.452,0.147,0.046,0.004,0.084,TRUE
100,15,0.2,"Heterogeneous (medium RE)",10000,0,0.621,0.968,0.368,0.111,0.029,0.005,0.084,TRUE
100,15,0.3,"Heterogeneous (large RE)",10000,0,0.593,0.968,0.335,0.114,0.031,0.006,0.084,TRUE
100,30,0,"Pure null (homogeneous)",10000,0,0.715,0.979,0.501,0.173,0.063,0.006,0.084,FALSE
100,30,0.1,"Heterogeneous (small RE)",10000,0,0.665,0.967,0.434,0.134,0.037,0.004,0.084,TRUE
100,30,0.2,"Heterogeneous (medium RE)",10000,0,0.593,0.967,0.333,0.11,0.027,0.005,0.084,TRUE
100,30,0.3,"Heterogeneous (large RE)",10000,0,0.609,0.967,0.338,0.127,0.038,0.007,0.084,TRUE
100,60,0,"Pure null (homogeneous)",10000,0,0.708,0.978,0.483,0.175,0.061,0.006,0.084,FALSE
100,60,0.1,"Heterogeneous (small RE)",10000,0,0.616,0.968,0.365,0.106,0.028,0.004,0.084,TRUE
100,60,0.2,"Heterogeneous (medium RE)",10000,0,0.609,0.968,0.338,0.132,0.042,0.009,0.084,TRUE
100,60,0.3,"Heterogeneous (large RE)",10000,0,0.618,0.968,0.339,0.136,0.041,0.009,0.084,TRUE
